ID_APPAREIL,APPAREIL,APPAREIL2
1,d'avions,Avions
2,de planeurs,Planeurs
3,d'hélicoptères,Hélicoptères
4,d'hydravions,Hydravions
5,d'autogires,Autogires
6,d'avions et planeurs,Avions et planeurs
7,d'avions et d'hélicoptères,Avions et hélicoptères
8,d'avions et d'hydravions,Avions et hydravions
9,d'avions et d'autogires,Avions et autogires
10,"d'avions, de planeurs et d'hélicoptères","Avions, planeurs et hélicoptères"
11,"d'avions, d'hydravions et d'autogires","Avions, hydravions et autogires"
12,"d'avions, d'hydravions et d'hélicoptères","Avions, hydravions et hélicoptères"
13,"d'avions, de planeurs, d'hydravions et d'hélicoptères","Avions, planeurs,  hydravions et hélicoptères"
14,de dirigeables et d'avions,Avions et dirigeables

