ID_MISSION,MISSION,MISSION2
1,Agricole,avion agricole
2,Amphibie anti-incendie,amphibie anti-incendie
3,Amphibie de bombardement,amphibie de bombardement
4,Amphibie de chasse,amphibie de chasse
5,Amphibie de liaison,amphibie de liaison
6,Amphibie de lutte anti-sous-marine,amphibie de lutte anti-sous-marine
7,Amphibie de patrouille maritime,amphibie de patrouille maritime
8,Amphibie de photographie aérienne,amphibie de photographie aérienne
9,Amphibie de raid,amphibie de raid
10,Amphibie de reconnaissance,Amphibie de reconnaissance
11,Amphibie de sauvetage,Amphibie de sauvetage
12,Amphibie de surveillance,Amphibie de surveillance
13,Amphibie de tourisme,Amphibie de tourisme
14,Amphibie de transport,Amphibie de transport
15,Amphibie de transport postal,Amphibie de transport postal
16,Amphibie de transport sanitaire,Amphibie de transport sanitaire
17,Amphibie d'entrainement,Amphibie d'entrainement
18,Amphibie d'observation,Amphibie d'observation
19,Amphibie utilitaire,Amphibie utilitaire
20,Anti-guerilla,Anti-guerilla
21,Anti-guérilla,Anti-guérilla
22,Appui tactique,Appui tactique
23,Attaque au sol,Attaque au sol
24,Attaque suicide,Attaque suicide
25,Autogire de liaison,Autogire de liaison
26,Autogire de tourisme,Autogire de tourisme
27,Autogire d'observation,Autogire d'observation
28,Avion cible,Avion cible
29,BCR,avion de bombardement de chasse et de reconnaissance
30,Bombardier en piqué,avion de bombardement en piqué
31,Bombardier et transport,avion de bombardement et de transport
32,Bombardier léger,avion de bombardement léger
33,Bombardier lourd,avion de bombardement lourd
34,Bombardier moyen,avion de bombardement moyen
35,Bombardier suicide,avion de bombardement suicide
36,Chasseur,avion de chasse
37,Chasseur de nuit,avion de chasse de nuit
38,Chasseur tous temps,avion de chasse tous temps
42,Chasseur-bombardier,chasseur-bombardier
43,Contre-mesures électroniques,avion de contre-mesures électroniques
44,Course,avion de course
45,Avion école,avion école
46,Entrainement,avion d'entrainement
47,Avion expérimental,avion expérimental
48,Guerre électronique,avion de guerre électronique
49,Hélicoptère agricole,hélicoptère agricole
50,Hélicoptère d'appui tactique,hélicoptère d'appui tactique
51,Hélicoptère d'attaque au sol,hélicoptère d'attaque au sol
52,Hélicoptère de liaison,hélicoptère de liaison
53,Hélicoptère de lutte anti-sous-marine,hélicoptère de lutte anti-sous-marine
54,Hélicoptère de patrouille côtière,hélicoptère de patrouille côtière
55,Hélicoptère de record,Hélicoptère de record
56,Hélicoptère de sauvetage,Hélicoptère de sauvetage
57,Hélicoptère de surveillance radar,Hélicoptère de surveillance radar
58,Hélicoptère de transport,Hélicoptère de transport
59,Hélicoptère de transport civil,Hélicoptère de transport civil
60,Hélicoptère de transport sanitaire,Hélicoptère de transport sanitaire
61,Hélicoptère d'entrainement,Hélicoptère d'entrainement
62,Hélicoptère d'observation,Hélicoptère d'observation
63,Hélicoptère expérimental,Hélicoptère expérimental
64,Hélicoptère grue volante,Hélicoptère grue volante
65,Hélicoptère léger,Hélicoptère léger
66,Hélicoptère polyvalent,Hélicoptère polyvalent
67,Hydravion de bombardement,Hydravion de bombardement
68,Hydravion de chasse,Hydravion de chasse
69,Hydravion de course,Hydravion de course
70,Hydravion de liaison,Hydravion de liaison
71,Hydravion de lutte anti-sous-marine,Hydravion de lutte anti-sous-marine
72,Hydravion de patrouille,Hydravion de patrouille
73,Hydravion de patrouille maritime,Hydravion de patrouille maritime
74,Hydravion de raid,Hydravion de raid
75,Hydravion de reconnaissance,Hydravion de reconnaissance
76,Hydravion de record,Hydravion de record
77,Hydravion de torpillage,Hydravion de torpillage
78,Hydravion de tourisme,Hydravion de tourisme
79,Hydravion de transport,Hydravion de transport
80,Hydravion de transport cargo,Hydravion de transport cargo
81,Hydravion de transport civil,Hydravion de transport civil
82,Hydravion de transport postal,Hydravion de transport postal
83,Hydravion de transport sanitaire,Hydravion de transport sanitaire
84,Hydravion d'entrainement,Hydravion d'entrainement
85,Hydravion d'observation,Hydravion d'observation
86,Hydravion expérimental,Hydravion expérimental
87,Hydravion SAR,Hydravion SAR
88,Liaison,avoion de liaison
89,Lutte anti-sous-marine,avion de lutte anti-sous-marine
90,Motoplaneur,Motoplaneur
91,Observation,avion d'observation
92,Observation météo,avion d'observation météo
93,Patrouille maritime,avion de patrouille maritime
94,Photographie aérienne,avion de photographie aérienne
95,Planeur,Planeur
96,Planeur amphibie,Planeur amphibie
97,Planeur classe course,planeur de classe course
99,Planeur d'assaut,Planeur d'assaut
100,Planeur de chasse,Planeur de chasse
102,Planeur de classe course,Planeur de classe course
103,Planeur de classe libre,Planeur de classe libre
104,Planeur de classe standard,Planeur de classe standard
105,Planeur de compétition,Planeur de compétition
106,Planeur de performances,Planeur de performances
108,Planeur de transport,Planeur de transport
109,Planeur de voltige,Planeur de voltige
110,Planeur d'entrainement,Planeur d'entrainement
111,Planeur expérimental,Planeur expérimental
112,Police coloniale,avion de police coloniale
113,Protection,Avion de protection
114,Raid,avion de raid
115,Ravitaillement,avion de ravitaillement
116,Ravitaillement en vol,Ravitaillement en vol
117,Ravitailleur,Ravitailleur
118,Recherche,Recherche
119,Reconnaissance,avion de reconnaissance
120,Reconnaissance photo,avion de reconnaissance photo
121,Record,avion de record
122,Relevés topographiques,Relevés topographiques
124,Remorqueur de cibles,avion remorqueur de cibles
125,Remorqueur de panneaux,avion remorqueur de panneaux
126,Remorqueur de planeurs,avion remorqueur de planeurs
127,Sport,avion de sport
128,Système de détection avancée,Système de détection avancée
129,Torpillage,avion de torpillage
130,Tourisme,avion de tourisme
131,Transport,avion de transport
132,Transport civil,avion de transport civil
133,Transport militaire,avion de transport militaire
134,Transport postal,avion de transport postal
135,Transport sanitaire,avion de transport sanitaire
136,Transport VIP,avion de transport VIP
137,ULM,ULM
138,Veille radar,avion de veille radar
139,Voltige,avion de voltige
140,Drone cible,drone cible
141,Drone de reconnaissance,drone de reconnaissance
142,Amphibie expérimental,amphibie expérimental
143,Bombardement et reconnaissance,avion de bombardement et reconnaissance
144,ULM amphibie,ULM amphibie

