ID_PERSONNE,NOM,CLASSE,PRENOMS,MATRICULE,RECRUTEMENT,PRENOM_USUEL,DATE_NAISSANCE,DEPT_NAISSANCE,LIEU_NAISSANCE
1,GOUGUENHEIM,1912,Isaac Emile Pierre,395,Seine,<blank>,1892-02-19,Seine,Paris
2,THÉBAULT,1908,Louis,4919,Seine,<blank>,1888-06-09,Manche,Cherbourg
3,DENIS,1914,Maurice Paul,1534,Le Mans,<blank>,1894-07-08,Sarthe,Le Mans
4,DOLLINGER,1904,Paul Léonard André,1966,Seine,<blank>,1884-01-30,Maine et Loire,Angers
5,BLANCHON,1911,Henri Roger,278,Isère,<blank>,1891-10-30,Rhône,Lyon
6,DAGNAN,1913,Pierre,2301,Paris,<blank>,1893-08-24,Charente Inférieure,La Rochelle
7,BOUCHER,1899,Max Edmond,768,Grenoble,<blank>,1879-04-11,Isère,Voiron
8,BRINTOT,1910,Fernand Alfred,783,Paris,<blank>,1890-06-12,Seine,Paris
9,FETTER,1910,Etienne Maurice,1427,Nancy,Maurice,1890-09-16,Meurthe-et-Moselle,Nancy
10,BENOIS,1904,Maxime Eugène,587,Fontainebleau,Max,1884-03-30,Seine,Paris
11,LEBOEUF,1913,Maurice Alexandre,4745,Aubervilliers,<blank>,1893-10-16,Seine,Pantin
12,BOUISSEAU,1911,René Jules Antoine,2694,Marseille,<blank>,1891-06-21,Seine,Paris
13,EPARVIER,1905,Paul Edouard Fernand,616,Evreux,<blank>,1885-08-18,Seine et Marne,Rozay en Brie
14,MENDIGAL,1910,Jean Achille Henri,308,<blank>,<blank>,1890-04-15,Calvados,Caen
15,FRATONI,1910,Félix,1313,Constantine,<blank>,1890-09-27,Constantine,Galbois
16,GRESSET,1905,François Joseph Victor,1583,Besançon,<blank>,1885-05-03,Doubs,Besançon
17,MEUNIER,1908,Pierre Marcel,439,<blank>,<blank>,1888-08-11,Orne,Flers
18,MORTUREUX,1905,Jean Germer,1531,Poitiers,<blank>,1885-05-19,Loiret,Fleury
19,DE LAREINTY THOLOZAN,1915,Foulques Louis Ernest Jean,344,Paris,Foulques,1895-12-20,Seine,Paris
20,DE BRUN,1896,Marie Jean Baptiste Robert,52,Riom,Robert,1876-11-24,Puy-de-Dôme,Riom
21,GLASZMANN,1904,Hubert Raymond,257,Epinal,<blank>,1884-09-21,Vosges,Saint-Laurent
22,VITRAT,1905,Roger,18,Libourne,<blank>,1885-02-19,Gironde,Libourne
23,VUILLEMIN,1902,Jean Charles Ernest,1351,Nantes,<blank>,1882-06-22,Loire-Inférieure,Chantenay
24,SAINT ANDRE,1904,Marcel Georges,607,Saint Etienne,<blank>,1884-09-18,Loiret,Montargis
25,COTTIN,1911,Joseph Lucien,905,Rennes,<blank>,1891-02-08,Ile-et-Vilaine,Montfort
26,LEHMANN,1916,Henri,1532,Paris,<blank>,1896-06-30,<blank>,Paris
27,EUSTACHE FERNAGU,1902,Charles Ferdinand Félix Edouard,743,Paris,<blank>,1882-10-22,Martinique,Fort-de-France
28,CROS,1909,Gustave,732,Romans,<blank>,1889-06-10,Drôme,Larnage
29,ROUSSIN,1914,René Gaston,725,Paris,<blank>,1894-01-04,<blank>,Paris
30,DUBOIS,1911,Pierre Jean Marie,495,Niort,Pierre,1891-08-24,<blank>,Pérignac
31,GIULIANI,1910,"Joseph, Antoine",263,Ajaccio,<blank>,1890-01-01,Corse,Pietracorbara
32,GASTINGER,1912,Edouard Maurice,2275,Paris,<blank>,1892-02-10,Alsace-Lorraine,Sarreguemines
33,BARES,1912,Léon Michel,884,Saint-Gaudens,<blank>,1892-08-12,Haute-Garonne,Pointis-Inard 
34,ROUTY,1903,Paul Louis Camille,1042,Moulin,<blank>,1883-07-15,Allier,Veurdre
35,DROUOT,1903,Jean René,1078,Amiens,<blank>,1883-03-22,Morbihan,Vannes
36,RICHET,1908,Albert,621,Paris,<blank>,1888-12-10,Seine,Paris
37,BERTRAND,1913,Georges René,2181,Paris,<blank>,1893-01-01,Seine,Paris
38,BERTRAND,1908,Antoine Léon Marius,1579,Paris,<blank>,1888-12-20,Aveyron,Palmas
39,PEQUIN,1911,Paul Léon Victor Marie,1391,Ancenis,<blank>,1891-04-08,Loire-Inférieure,Clisson
40,AYRAL,1908,Bernard Louis Henry Léon,291,Paris,Bernard,1888-10-01,Seine,Paris
41,BOSSOUTROT,1910,Lucien Baptiste Jean,2105,Paris,Lucien,1890-05-16,Corrèze,Tulle
42,HELFENBEIN,1896,Victor Jean Marie,1126,Lyon,<blank>,1876-03-17,Rhône,Lyon
43,HUGUES,1912,Marcel Anatole Esprit,725,Belfort,<blank>,1892-01-05,Haut-Rhin,Belfort

