ID_CARNET,ID_SIGNATURECARNET,RANG,SIGNE,TAMPON,PAGE,OBSERVATION,OBSERVATION2,NOM_SIGNATURE,DATE_SIGNATURE,ROLE_SIGNATURE,GRADE_SIGNATURE,UNITE_SIGNATURE
17,1,1,O,O,2,<blank>,<blank>,ZARAPOFF,1932-06-01,Commandant en second,Lcl,11e Régiment d'Aviation
17,2,2,N,O,2,<blank>,<blank>,<blank>,1932-06-01,Le colonel,<blank>,11e Escadre de Bombardement
17,3,3,O,N,3,<blank>,<blank>,JACOULET,1932-06-01,Commandant,Cne,10e Escadrille
17,4,4,O,O,5,<blank>,<blank>,LUCIANI,1932-07-02,Commandant,Cdt,3e Groupe
17,5,5,O,O,5,<blank>,<blank>,JACOULET,1932-07-02,Commandant,Cne,10e Escadrille
17,6,6,O,O,6,<blank>,<blank>,ZARAPOFF,1932-07-10,Commandant en second,Lcl,11e Régiment d'Aviation
17,7,7,N,O,7,<blank>,<blank>,<blank>,1932-08-02,Le chef de Corps,<blank>,11e Régiment d'Aviation
17,8,8,O,O,7,<blank>,<blank>,LUCIANI,1932-08-02,Commandant ,Cdt,3e Groupe
17,9,9,O,O,7,<blank>,<blank>,JACOULET,1932-08-02,Commandant,Cne,10e Escadrille
17,10,10,O,O,8,<blank>,<blank>,ZARAPOFF,1932-08-10,Commandant en second,Lcl,11e Régiment d'Aviation
17,11,11,N,O,8,<blank>,<blank>,<blank>,1932-08-10,Le chef de Corps,<blank>,11e Régiment d'Aviation
17,12,12,N,O,9,<blank>,<blank>,<blank>,1932-08-10,Le colonel,<blank>,11e Régiment d'Aviation
17,13,13,O,O,10,<blank>,<blank>,JACOULET,1932-09-03,Commandant,Cne,10e Escadrille
17,14,14,O,O,10,<blank>,<blank>,LUCIANI,1932-09-03,Commandant,Cdt,3e Groupe
17,15,15,O,O,10,<blank>,<blank>,DES PREZ DE LA MORLAIS,1932-09-10,Commandant,Col,11e Régiment d'Aviation
17,17,17,O,O,11,<blank>,<blank>,JACOULET,1932-10-03,Commandant,Cne,10e Escadrille
17,16,16,N,O,10,<blank>,<blank>,<blank>,1932-09-10,Le chef de Corps,<blank>,11e Régiment d'Aviation
17,18,18,O,O,11,<blank>,<blank>,LUCIANI,1937-10-03,Commandant,Cdt,3e Groupe
17,19,19,O,O,11,<blank>,<blank>,DES PREZ DE LA MORLAIS,1932-10-10,Commandant,Col,11e Régiment d'Aviation
17,20,20,O,O,12,<blank>,<blank>,JACOULET,1932-11-02,Commandant,Cne,10e Escadrille
17,21,21,O,O,12,<blank>,<blank>,LUCIANI,1932-11-02,Commandant,Cdt,3e Groupe
17,22,22,N,O,12,<blank>,<blank>,<blank>,1932-11-02,Le colonel,<blank>,11e Escadre de Bombardement
17,23,23,N,O,13,<blank>,<blank>,DES PREZ DE LA MORLAIS,1932-11-10,Commandant,Col,11e Escadre de Bombardement
17,24,24,O,O,13,<blank>,<blank>,ZARAPOFF,1932-11-10,Commandant en second,Lcl,11e Escadre de Bombardement
17,25,27,O,O,14,<blank>,<blank>,DES PREZ DE LA MORLAIS,1932-12-10,Commandant,Col,11e Escadre de Bombardement
17,26,25,O,N,14,<blank>,<blank>,JACOULET,1932-12-02,Commandant,Cne,10e Escadrille
17,27,26,O,O,14,<blank>,<blank>,LUCIANI,1932-12-02,Commandant,Cdt,3e Groupe
17,28,28,N,O,14,<blank>,<blank>,<blank>,1932-12-10,Le colonel,<blank>,11e Escadre de Bombardement
17,29,29,O,O,15,<blank>,<blank>,JACOULET,1933-01-02,Commandant,Cne,10e Escadrille
17,30,30,O,O,15,<blank>,<blank>,LUCIANI,1933-01-02,Commandant,Cdt,3e Groupe
17,31,32,O,O,16,<blank>,<blank>,DES PREZ DE LA MORLAIS,1933-01-10,Commandant,Col,11e Escadre de Bombardement
17,32,33,N,O,16,<blank>,<blank>,<blank>,1933-01-10,Le colonel,<blank>,11e Escadre de Bombardement
17,33,31,N,O,15,<blank>,<blank>,<blank>,1933-01-10,Le colonel,<blank>,11e Escadre de Bombardement
17,34,34,O,O,17,<blank>,<blank>,JACOULET,1933-02-01,Commandant,Cne,10e Escadrille
17,35,35,O,O,17,<blank>,<blank>,LUCIANI,1933-02-01,Commandant,Cdt,3e Groupe
17,36,37,O,O,18,<blank>,<blank>,DES PREZ DE LA MORLAIS,1933-02-10,Commandant,Col,11e Escadre de Bombardement
17,37,38,N,O,18,<blank>,<blank>,<blank>,1933-02-10,Le colonel,<blank>,11e Escadre de Bombardement
17,38,36,N,O,17,<blank>,<blank>,<blank>,1933-02-10,Le colonel,<blank>,11e Escadre de Bombardement
17,39,39,O,O,19,<blank>,<blank>,JACOULET,1933-03-01,Commandant,Cne,10e Escadrille
17,40,40,O,O,19,<blank>,<blank>,LUCIANI,1933-03-01,Commandant,Cdt,3e Groupe
17,41,41,O,O,19,<blank>,<blank>,DES PREZ DE LA MORLAIS,1933-03-10,Commandant,Col,11e Escadre de Bombardement
17,42,42,N,O,19,<blank>,<blank>,<blank>,1933-03-10,Le colonel,<blank>,11e Escadre de Bombardement
17,43,44,O,N,21,<blank>,<blank>,HUCHEY,1933-04-01,Commandant,Ltn,Escadrille
17,44,45,O,O,21,<blank>,<blank>,LUCIANI,1933-04-01,Commandant,Cdt,3e Groupe
17,45,46,O,O,21,<blank>,<blank>,DES PREZ DE LA MORLAIS,1933-04-10,Commandant,Col,11e Escadre de Bombardement
17,46,47,N,O,21,<blank>,<blank>,<blank>,1933-04-10,Le colonel,<blank>,11e Escadre de Bombardement
17,47,43,N,O,20,<blank>,<blank>,<blank>,1933-04-10,Le colonel,<blank>,11e Escadre de Bombardement
17,48,48,O,N,22,<blank>,<blank>,HUCHEY,1933-05-01,Commandant,Ltn,Escadrille
17,49,49,O,O,22,<blank>,<blank>,LUCIANI,1933-05-01,Commandant,Cdt,3e Groupe
17,50,50,O,O,23,<blank>,<blank>,DES PREZ DE LA MORLAIS,1933-05-10,Commandant,Col,11e Escadre de Bombardement
17,51,51,N,O,23,<blank>,<blank>,<blank>,1933-05-10,Le colonel,<blank>,11e Escadre de Bombardement
17,52,52,O,O,24,<blank>,<blank>,JACOULET,1933-06-01,Commandant,Cne,10e Escadrille
17,53,53,O,O,24,<blank>,<blank>,LUCIANI,1933-06-01,Commandant,Cdt,3e Groupe
17,54,54,O,O,24,<blank>,<blank>,DES PREZ DE LA MORLAIS,1933-06-10,Commandant,Col,11e Escadre de Bombardement
17,55,55,N,O,24,<blank>,<blank>,<blank>,1933-06-10,Le colonel,<blank>,11e Escadre de Bombardement
17,56,56,O,O,26,<blank>,<blank>,JACOULET,1933-07-01,Commandant,Cne,10e Escadrille
17,57,57,O,O,26,<blank>,<blank>,LUCIANI,1933-07-01,Commandant,Cdt,3e Groupe
17,58,58,O,O,26,<blank>,<blank>,DES PREZ DE LA MORLAIS,1933-07-10,Commandant,Col,11e Escadre de Bombardement
17,59,59,N,O,26,<blank>,<blank>,<blank>,1933-07-10,Le colonel,<blank>,11e Escadre de Bombardement
17,60,61,O,N,28,<blank>,<blank>,HUCHEY,1933-08-01,Commandant,Ltn,10e Escadrille
17,61,62,O,O,28,<blank>,<blank>,LUCIANI,1933-08-01,Commandant,Cdt,3e Groupe
17,62,63,O,O,28,<blank>,<blank>,DES PREZ DE LA MORLAIS,1933-08-10,Commandant,Col,11e Escadre de Bombardement
17,63,64,N,O,28,<blank>,<blank>,<blank>,1933-08-10,Le colonel,<blank>,11e Escadre de Bombardement
17,64,60,N,O,27,<blank>,<blank>,<blank>,1933-08-10,Le colonel,<blank>,11e Escadre de Bombardement
17,65,66,O,O,30,<blank>,<blank>,HUCHEY,1933-09-02,Commandant,Ltn,10e Escadrille
17,66,67,O,N,30,<blank>,<blank>,CELLERIER,1933-09-02,Commandant,Cne,3e Groupe
17,67,68,O,O,30,<blank>,<blank>,DES PREZ DE LA MORLAIS,1933-09-10,Commandant,Col,11e Escadre de Bombardement
17,68,69,N,O,30,<blank>,<blank>,<blank>,1933-09-10,Le colonel,<blank>,11e Escadre de Bombardement
17,69,65,N,O,29,<blank>,<blank>,<blank>,1933-09-10,Le colonel,<blank>,11e Escadre de Bombardement
17,70,70,O,N,31,<blank>,<blank>,MARECHAL,1933-10-02,Commandant,Ltn,10e Escadrille
17,71,71,O,N,31,<blank>,<blank>,CELLERIER,1933-10-02,Commandant,Cne,3e Groupe
17,72,72,N,O,31,<blank>,<blank>,<blank>,1933-10-10,Le colonel,<blank>,11e Escadre de Bombardement
17,73,73,O,N,33,<blank>,<blank>,<blank>,1933-11-01,Commandant,<blank>,3e Escadrille
17,74,74,O,N,33,<blank>,<blank>,CELLERIER,1933-11-01,Commandant,Cne,2e Groupe
17,75,75,O,O,33,<blank>,<blank>,<blank>,1933-11-10,Le colonel,<blank>,11e Escadre de Bombardement
17,76,77,O,N,35,<blank>,<blank>,<blank>,1933-12-01,Commandant,<blank>,3e Escadrille
17,77,78,O,N,35,<blank>,<blank>,CELLERIER,1933-12-01,Commandant,Cne,2e Groupe
17,78,79,O,O,35,<blank>,<blank>,<blank>,1933-12-10,Le colonel,<blank>,11e Escadre de Bombardement
17,79,76,N,O,34,<blank>,<blank>,<blank>,1933-12-10,Le colonel,<blank>,11e Escadre de Bombardement
17,80,80,O,N,36,<blank>,<blank>,<blank>,1934-01-01,Commandant,<blank>,3e Escadrille
17,81,81,O,N,36,<blank>,<blank>,<blank>,1934-01-01,Commandant,Cne,2e Groupe
17,82,82,N,O,36,<blank>,<blank>,<blank>,1934-01-10,Le colonel,<blank>,11e Escadre de Bombardement
17,83,83,O,N,38,<blank>,<blank>,<blank>,1934-02-01,Commandant,<blank>,3e Escadrille
17,84,84,O,N,38,<blank>,<blank>,CELLERIER,1934-02-01,Commandant,Cne,2e Groupe
17,85,85,O,O,38,<blank>,<blank>,GARIN,1934-02-05,Commandant,Col,11e Escadre d'Aviation Lourde de Défense
17,86,86,N,O,38,<blank>,<blank>,<blank>,1934-02-05,Le colonel,<blank>,11e Escadre de Bombardement
17,87,87,O,O,40,<blank>,<blank>,CELLERIER,1934-03-01,Commandant,Cne,2e Groupe
17,88,88,<blank>,<blank>,40,<blank>,<blank>,GARIN,1934-03-05,Commandant,Col,11e Escadre d'Aviation Lourde de Défense
17,89,89,O,O,43,<blank>,<blank>,CELLERIER,1934-04-01,Commandant,Cne,2e Groupe
17,90,90,O,O,43,<blank>,<blank>,GARIN,1934-04-01,Commandant,Col,11e Escadre d'Aviation Lourde de Défense
17,91,91,N,O,43,<blank>,<blank>,<blank>,1934-04-01,Le colonel,<blank>,11e Escadre de Bombardement
17,92,94,O,N,46,<blank>,<blank>,MECHAUSSIE,1934-05-01,Commandant,Cdt,2e Groupe
17,93,95,O,O,46,<blank>,<blank>,GARIN,1934-05-01,Commandant,Col,11e Escadre d'Aviation Lourde de Défense
17,94,96,N,O,46,<blank>,<blank>,<blank>,1934-05-01,Le colonel,<blank>,11e Escadre de Bombardement
17,95,92,N,O,44,<blank>,<blank>,<blank>,1934-05-01,Le colonel,<blank>,11e Escadre de Bombardement
17,96,93,N,O,45,<blank>,<blank>,<blank>,1934-05-01,Le colonel,<blank>,11e Escadre de Bombardement
17,97,97,O,O,49,<blank>,<blank>,DUMONT,1934-06-01,Commandant,Cne,Centre Aérien Régional de Belfort
17,98,98,O,O,49,<blank>,<blank>,DUMONT,1934-07-01,Commandant,Cne,Centre Aérien Régional de Belfort
15,99,101,O,N,4,<blank>,<blank>,DES PREZ DE LA MORLAIS,1927-02-01,Commandant,Lcl,12e Régiment d'Aviation de Bombardement
15,100,99,O,N,4,<blank>,<blank>,<blank>,1927-02-01,Commandant,Cne,10e Escadrille
15,101,100,O,N,4,<blank>,<blank>,<blank>,1927-02-01,Commandant,Cne,3e Groupe
15,102,102,O,N,5,<blank>,<blank>,<blank>,1927-03-01,Commandant,Cne,10e Escadrille
15,103,103,O,N,5,<blank>,<blank>,<blank>,1927-03-01,Commandant,Cne,3e Groupe
15,104,104,O,O,5,<blank>,<blank>,DES PREZ DE LA MORLAIS,1927-03-01,Commandant,Lcl,12e Régiment d'Aviation de Bombardement

