ID_SLIDER,IMAGE,TEXTE_1,TEXTE_2,TEXTE_3,DATE_FIN,DATA_LINK,TEXTE_ALT,DATA_DELAY,DATE_DEBUT,URL_BOUTON,DATA_TARGET,RANG_SLIDER,TARGET_BOUTON,COULEUR_TEXTE1,COULEUR_TEXTE2,COULEUR_TEXTE3,DATA_SLOTAMOUNT,DATA_TRANSITION,EN_LIGNE_SLIDER,ANIMATION_TEXTE1,ANIMATION_TEXTE2,ANIMATION_TEXTE3,DATA_MASTERSPEED,ANIMATION2_TEXTE1,ANIMATION2_TEXTE2,ANIMATION2_TEXTE3,POSITION_X_TEXTE1,POSITION_X_TEXTE2,POSITION_X_TEXTE3,POSITION_Y_TEXTE1,POSITION_Y_TEXTE2,POSITION_Y_TEXTE3
4,20151123115643banner3.jpg,Decathlon,A FOND LA FORME,<blank>,0000-00-00,<blank>,<blank>,6000,2015-10-15,<blank>,_self,1,Erreur,Bleu,Blanc,Erreur,25,curtain-1,o,lfl ,lfb ,sfr ,1000,easeInExpo,easeOutQuad,Erreur,120,300,0,10,220,0
5,20151216222957nouveau document 45_1.jpg,N'OUBLIEZ PAS,VOS COMMANDES DE PLV,<blank>,2016-01-31,<blank>,<blank>,6000,2015-01-01,<blank>,_self,2,<blank>,Blanc,Blanc,Erreur,0,fade,n,lfr ,lfb ,Erreur,8000,easeInSine,easeInCubic,Erreur,50,300,300,10,210,0
6,20151230110914logigones plv event.jpg,LE MATERIEL ECA,EST EN LIGNE,<blank>,0000-00-00,<blank>,<blank>,6000,2015-10-15,<blank>,_self,3,<blank>,Blanc,Noir,Blanc,0,fade,o,lfr ,sfl ,sfr ,8000,easeInSine,easeInQuint,easeInQuint,120,300,0,10,220,0

