COL 1
10;1;4;1934-12-26 00:00:00;Potez 58;F-ANDM;;;Vol seul;0;22;0;0;
11;1;4;1934-12-28 00:00:00;Potez 58;F-ANDM;;;Vol seul;0;9;0;0;
12;1;4;1934-12-28 00:00:00;Potez 58;F-ANDM;;;Vol seul;0;18;0;0;
13;1;4;1935-4-18 00:00:00;Potez 43;F-AMPO;;;Double commande;0;12;0;0;
14;1;4;1935-4-18 00:00:00;Potez 43;F-AMPO;;;Seul;0;47;0;0;
15;1;5;1935-4-19 00:00:00;Potez 43;F-AMPO;;;Vol seul;0;27;0;0;
16;1;5;1935-4-19 00:00:00;Potez 43;F-AMPO;;;Vol seul;0;14;0;0;
17;1;5;1935-8-1 00:00:00;Potez 60;F-AOAV;;;Double commande;0;18;0;0;
18;1;5;1935-8-1 00:00:00;Potez 60;F-AOAV;;;Vol seul;0;26;0;0;
19;1;5;1935-8-3 00:00:00;Potez 60;F-AOAV;;;Vol seul;1;34;0;0;
1;1;4;1934-10-10 00:00:00;Potez 36;F-ALYY;;;Vol s/ aérodrome;0;7;0;0;
20;1;5;1935-8-7 00:00:00;Potez 36;F-ALYY;;;Entrainement;0;56;0;0;
21;1;5;1935-8-10 00:00:00;Potez 36;F-ALYY;;;Vol en ligne;1;30;0;0;
22;1;5;1935-8-11 00:00:00;Potez 36;F-ALYY;;;Vol en montagne;1;45;0;0;
2;1;4;1934-10-13 00:00:00;Potez 36;F-ALYY;;;Vol s/ aérodrome;0;6;0;0;
3;1;4;1934-10-13 00:00:00;Potez 36;F-ALYY;;;Vol s/ aérodrome;0;20;0;0;
4;1;4;1934-10-13 00:00:00;Potez 36;F-ALYY;;;Vol s/ aérodrome;0;20;0;0;
5;1;4;1934-10-14 00:00:00;Potez 36;F-ALYY;;;Vol en ligne;0;45;0;0;
6;1;4;1934-10-17 00:00:00;Potez 36;F-ALYY;;;Vol en ligne;0;36;0;0;
7;1;4;1934-10-18 00:00:00;Potez 36;F-ALYY;;;Vol s/ aérodrome;0;25;0;0;
8;1;4;1934-10-21 00:00:00;Potez 36;F-ALYY;;;Vol s/ aérodrome;0;21;0;0;
9;1;4;1934-12-26 00:00:00;Potez 58;F-ANDM;;;Double commande;0;10;0;0;

